/*-aceh-barat https://aceh.cutting.co.id/:splat-aceh-barat 301
/*-aceh-barat-daya https://aceh.cutting.co.id/:splat-aceh-barat-daya 301
/*-aceh-besar https://aceh.cutting.co.id/:splat-aceh-besar 301
/*-aceh-jaya https://aceh.cutting.co.id/:splat-aceh-jaya 301
/*-aceh-selatan https://aceh.cutting.co.id/:splat-aceh-selatan 301
/*-aceh-singkil https://aceh.cutting.co.id/:splat-aceh-singkil 301
/*-aceh-tamiang https://aceh.cutting.co.id/:splat-aceh-tamiang 301
/*-aceh-tengah https://aceh.cutting.co.id/:splat-aceh-tengah 301
/*-aceh-tenggara https://aceh.cutting.co.id/:splat-aceh-tenggara 301
/*-aceh-timur https://aceh.cutting.co.id/:splat-aceh-timur 301
/*-aceh-utara https://aceh.cutting.co.id/:splat-aceh-utara 301
/*-banda-aceh https://aceh.cutting.co.id/:splat-banda-aceh 301
/*-bener-meriah https://aceh.cutting.co.id/:splat-bener-meriah 301
/*-bireuen https://aceh.cutting.co.id/:splat-bireuen 301
/*-gayo-lues https://aceh.cutting.co.id/:splat-gayo-lues 301
/*-langsa https://aceh.cutting.co.id/:splat-langsa 301
/*-lhokseumawe https://aceh.cutting.co.id/:splat-lhokseumawe 301
/*-nagan-raya https://aceh.cutting.co.id/:splat-nagan-raya 301
/*-pidie https://aceh.cutting.co.id/:splat-pidie 301
/*-pidie-jaya https://aceh.cutting.co.id/:splat-pidie-jaya 301
/*-sabang https://aceh.cutting.co.id/:splat-sabang 301
/*-simeulue https://aceh.cutting.co.id/:splat-simeulue 301
/*-subulussalam https://aceh.cutting.co.id/:splat-subulussalam 301